,MAE,MSE,RMSE,R2,set,modelo
0,0.23757175016823956,0.08898501657093862,0.29830356446234196,0.7183986076324175,test,Decission Tree I
1,0.0,0.0,0.0,1.0,train,Decission Tree I
0,0.18824288327219613,0.055944755798720894,0.23652643784304725,0.8229575974060189,test,Decision tree II
1,0.2519298394335484,0.10199624627968668,0.3193685117222527,0.723602127927681,train,Decision tree II
