,MAE,MSE,RMSE,R2,set,modelo
0,0.15238820058424912,0.03350423518881231,0.18304162146575384,0.8939727198695403,test,Regresion Lineal-todas VP
1,0.12210757869358652,0.0231930589906193,0.1522926754332568,0.9371495286770015,train,Regresion Lineal-todas VP
0,0.20025004185054113,0.055087882957755074,0.23470808029924123,0.7847289383491964,test,Regresion Lineal-ANOVA
1,0.14509584458732877,0.033317363737876714,0.18253044605729948,0.9138862568383479,train,Regresion Lineal-ANOVA
