,MAE,MSE,RMSE,R2,set,modelo
0,0.1544441393443775,0.0343318400978007,0.1852885320191207,0.8913536868718267,test,Regresion Lineal-todas VP
1,0.1248069753692989,0.0226211127815509,0.1504031674585046,0.9386994358637112,train,Regresion Lineal-todas VP
0,0.2002683318566173,0.0550969134330328,0.2347273171853519,0.7846936492820573,test,Regresion Lineal-ANOVA
1,0.1450943504960946,0.0333169594253002,0.1825293385330156,0.913887301845079,train,Regresion Lineal-ANOVA
0,0.23757175016823956,0.08898501657093862,0.29830356446234196,0.7183986076324175,test,Decision Tree I
1,0.0,0.0,0.0,1.0,train,Decision Tree I
0,0.18824288327219613,0.055944755798720894,0.23652643784304725,0.8229575974060189,test,Decision Tree II
1,0.2519298394335484,0.10199624627968668,0.3193685117222527,0.723602127927681,train,Decision Tree II
