,MAE,MSE,RMSE,R2,set,modelo
0,0.15444413934437756,0.034331840097800735,0.18528853201912074,0.8913536868718267,test,Regresion Lineal-todas VP
1,0.12480697536929898,0.022621112781550986,0.15040316745850463,0.9386994358637113,train,Regresion Lineal-todas VP
0,0.20026833185661738,0.0550969134330328,0.23472731718535192,0.7846936492820573,test,Regresion Lineal-ANOVA
1,0.14509435049609462,0.033316959425300205,0.1825293385330156,0.913887301845079,train,Regresion Lineal-ANOVA
