,MAE,MSE,RMSE,R2,set,modelo
0,0.1523882005842491,0.0335042351888123,0.1830416214657538,0.8939727198695403,test,Regresion Lineal-todas VP
1,0.1221075786935865,0.0231930589906193,0.1522926754332568,0.9371495286770016,train,Regresion Lineal-todas VP
0,0.2002500418505411,0.055087882957755,0.2347080802992412,0.7847289383491964,test,Regresion Lineal-ANOVA
1,0.1450958445873287,0.0333173637378767,0.1825304460572994,0.913886256838348,train,Regresion Lineal-ANOVA
0,0.13829860540302003,0.02628461093614087,0.16212529394311323,0.9168198948240148,test,Decision Tree I
1,0.0,0.0,0.0,1.0,train,Decision Tree I
0,0.18824288327219613,0.055944755798720894,0.23652643784304725,0.8229575974060189,test,Decision Tree II
1,0.2519298394335484,0.10199624627968668,0.3193685117222527,0.723602127927681,train,Decision Tree II
