,accuracy,precision,recall,f1,kappa,set,modelo
0,0.8462062535857716,0.8402290622763063,0.8508880028996013,0.8455249414730777,0.6924186355402653,test,Regresión Logística Balanceado
1,0.8455221873599282,0.844885370984419,0.8474536871468421,0.8461675802103232,0.6910396540836152,train,Regresión Logística Balanceado
2,0.9268170619032954,0.9429837096313232,0.9228725263967554,0.932819733540658,0.8524766760768583,test,Decission tree II
3,0.9342566214967662,0.9491629052851156,0.929489662945092,0.9392232750567197,0.8676463550360172,train,Decission tree II
4,0.9274956970740104,0.9410354386753578,0.9104748097136643,0.92550291061823,0.8549250231479977,test,Decission tree Balanceado II
5,0.9397041685342896,0.9540236249538576,0.9242722265932336,0.9389123010971446,0.879417549025642,train,Decission tree Balanceado II
6,0.9154615384615384,0.9150408191504082,0.9316708932093547,0.9232809773123909,0.8291652132496912,test,Random Forest
7,0.9192884615384616,0.9200775006054734,0.9337429775280899,0.9268598713904815,0.8368392514503875,train,Random Forest
