,accuracy,precision,recall,f1,kapppa,set,modelo
0,0.9216153846153846,0.9194159764144321,0.9363740348870461,0.9278175249698943,0.8420804345252153,test,Random Forest
1,0.92175,0.9240853129876886,0.9340952113861039,0.929063300849009,0.8418243654797594,train,Random Forest
