,accuracy,precision,recall,f1,kappa,set,modelo
0,0.9154615384615384,0.9150408191504082,0.9316708932093547,0.9232809773123909,0.8291652132496912,test,Random Forest
1,0.9192884615384616,0.9200775006054734,0.9337429775280899,0.9268598713904815,0.8368392514503875,train,Random Forest
