,accuracy,precision,recall,f1,kapppa,set,modelo
0,0.8413920542038805,0.8510539295519054,0.8599369975081104,0.8554724041159963,0.6797549651265657,test,Regresi贸n logistica
1,0.8448127942276387,0.8533935039486966,0.865470311935445,0.8593894818668341,0.6862728678005954,train,Regresi贸n logistica
0,0.8460747752916428,0.8430292760990304,0.8522959790625744,0.8476373015309625,0.6921265592533664,test,Regresi贸n logistica balanceado
1,0.8453988484314489,0.8441377615790983,0.8464602496714849,0.8452974103463125,0.6907981466969084,train,Regresi贸n logistica balanceado
