,accuracy,precision,recall,f1,kappa,set,modelo
0,0.8462062535857716,0.8402290622763063,0.8508880028996013,0.8455249414730777,0.6924186355402653,test,Regresión Logística Balanceado
1,0.8455221873599282,0.844885370984419,0.8474536871468421,0.8461675802103232,0.6910396540836152,train,Regresión Logística Balanceado
2,0.9268170619032954,0.9429837096313233,0.9228725263967554,0.932819733540658,0.8524766760768583,test,Decision tree II
3,0.9342566214967662,0.9491629052851157,0.929489662945092,0.9392232750567195,0.8676463550360172,train,Decision tree II
6,0.9274956970740104,0.9410354386753578,0.9104748097136643,0.9255029106182301,0.8549250231479977,test,Decision tree Balanceado II
7,0.9397041685342895,0.9540236249538575,0.9242722265932337,0.9389123010971446,0.879417549025642,train,Decision tree Balanceado II
