,accuracy,precision,recall,f1,kapppa,set,modelo
0,0.8462811826301201,0.855448275862069,0.8673519334312286,0.8613589805909516,0.6889011065003265,test,Regresi贸n logistica
1,0.8432591623036649,0.8521616639421238,0.8629063501567288,0.8575003499930002,0.6833709689740084,train,Regresi贸n logistica
2,0.8462062535857716,0.8402290622763063,0.8508880028996013,0.8455249414730777,0.6924186355402653,test,Regresi贸n logistica balanceado
3,0.8455221873599282,0.844885370984419,0.8474536871468421,0.8461675802103232,0.6910396540836152,train,Regresi贸n logistica balanceado
6,0.9268170619032954,0.9429837096313233,0.9228725263967554,0.932819733540658,0.8524766760768583,test,Decision tree II
7,0.9342566214967662,0.9491629052851157,0.929489662945092,0.9392232750567195,0.8676463550360172,train,Decision tree II
